prompt,class,steering_strength,generated_text
Write a gentle message to someone feeling overwhelmed by responsibilities.,positive,-9.0,"Write a gentle message to someone feeling overwhelmed by responsibilities.

Dear [Name],

I hope this message finds you well. I can tell that you're feeling a bit overwhelmed with all the responsibilities you have right now. It's completely normal to feel that way, especially when there's a lot on your plate.

Remember that you don't have to do everything on your own. It's okay to ask for help when you need it, whether it's from a friend, family member, or even a professional. You don't have to be superhuman, and it's okay to take a break when you need it.

Take some time for yourself today, whether it's reading a book, taking a walk, or simply sitting in silence. You deserve some time to relax and recharge. And when you're ready, don't be afraid to reach out for support. You're not alone in this, and there are people who care about you and want to help.

Remember, you're doing your best, and that's something to be proud of. Keep going, and don't forget to take care of yourself along the way.

Sending you lots of love and support.

[Your Name]"
Write a gentle message to someone feeling overwhelmed by responsibilities.,positive,0.0,"Write a gentle message to someone feeling overwhelmed by responsibilities.

Dear [Name],

I hope this message finds you well. I can tell that you're feeling a bit overwhelmed with all the responsibilities you have right now. It's completely normal to feel that way, especially when there's a lot on your plate.

Remember that you don't have to do everything on your own. It's okay to ask for help when you need it, whether it's from a friend, family member, or even a professional. You don't have to be superhuman, and it's okay to take a break when you need it.

Take some time for yourself today, whether it's reading a book, taking a walk, or simply sitting in silence. You deserve some me-time, and it can help you recharge and feel more refreshed.

Remember that you're not alone in this, and that you have a lot of support around you. Don't be afraid to reach out and ask for help when you need it. You got this!

Sending you lots of love and support.

Take care,
[Your Name]"
Write a gentle message to someone feeling overwhelmed by responsibilities.,positive,9.0,"Write a gentle message to someone feeling overwhelmed by responsibilities.

Dear [Name],

I hope this message finds you well. I can tell that you're feeling a bit overwhelmed with all the responsibilities you have right now. It's completely understandable to feel that way, especially when there's so much going on in your life.

Remember that you don't have to do everything on your own. It's okay to ask for help when you need it, and there are people who care about you and want to support you. Whether it's a friend, family member, or colleague, there are people who can lend a hand or offer a listening ear.

Take things one step at a time, and don't be too hard on yourself. You're doing your best, and that's something to be proud of. Take breaks when you need them, and make time for self-care. Whether it's reading a book, taking a walk, or simply relaxing, make sure you're taking care of yourself.

Remember, you're not alone in this. We all have our own struggles and challenges, and it's okay to feel overwhelmed sometimes. But with time and support, you can get through this. You're strong and capable, and you'll get through this with flying colors.

Sending you lots of love and support. Don't hes"
Offer supportive words to someone afraid to start a new chapter in life.,positive,-9.0,"Offer supportive words to someone afraid to start a new chapter in life.
Starting a new chapter in life can be both exciting and scary. It's normal to feel anxious or uncertain about the unknown, but there are ways to offer support and encouragement to someone who is afraid to take the leap. Here are some words of encouragement you can use:

1. ""You've got this!"" - Remind the person of their strengths and abilities, and let them know that they are capable of handling whatever comes their way.
2. ""It's okay to be scared."" - Acknowledge their fears and let them know that it's normal to feel that way when starting something new.
3. ""You're not alone."" - Offer your support and let them know that you'll be there to help them through the process.
4. ""It's a chance for growth."" - Remind them that starting a new chapter in life can be an opportunity for personal growth and development.
5. ""You'll learn and gain so much."" - Encourage them to embrace the unknown and see it as a chance to learn and gain new experiences.
6. ""It's okay to take things slow."" - If the person is feeling overwhelmed, remind them that it's okay to take things slow and not rush into anything they're not comfortable with.
7. ""You're doing the right thing"
Offer supportive words to someone afraid to start a new chapter in life.,positive,0.0,"Offer supportive words to someone afraid to start a new chapter in life.
Starting a new chapter in life can be both exciting and scary. It's normal to feel anxious or uncertain about the unknown, but there are ways to offer support and encouragement to someone who is afraid to take the leap. Here are some words of encouragement you can use:

1. ""You've got this!"" - Sometimes, all someone needs to hear is that they are capable and strong enough to handle whatever challenges come their way. Believe in them and their abilities, and remind them of their past successes.
2. ""It's okay to be scared."" - It's normal to feel fear when starting something new, and acknowledging that fear can help someone feel more comfortable opening up about their feelings. Let them know that it's okay to feel scared and that you're there to support them.
3. ""You're not alone."" - Remind them that they have a support system of friends, family, or a therapist who can help them through this transition. Being part of a community can make the process feel less daunting.
4. ""Take it one step at a time."" - Break down the new chapter into smaller, manageable steps. This can help someone feel more in control of the situation and make it feel less overwhelming.
5. ""You'll learn and grow."" - Starting a new chapter can be an"
Offer supportive words to someone afraid to start a new chapter in life.,positive,9.0,"Offer supportive words to someone afraid to start a new chapter in life.
Starting a new chapter in life can be both exciting and scary. It's normal to feel anxious or uncertain about the unknown, but there are ways to offer support and encouragement to someone who is afraid to take the leap. Here are some words of encouragement you can use:

1. ""You've got this!"" - Sometimes, all someone needs to hear is that they are capable and strong enough to handle whatever challenges come their way. Believe in them and their abilities, and remind them of their past successes.
2. ""It's okay to be scared."" - It's important to acknowledge and validate their feelings, rather than dismissing them as irrational or unreasonable. Let them know that it's normal to feel scared or uncertain when facing a new chapter in life.
3. ""You're not alone."" - Remind them that they have a support system of friends, family, or colleagues who can offer guidance and encouragement along the way.
4. ""Take it one step at a time."" - Break down the new chapter into smaller, manageable steps. Encourage them to focus on one step at a time, rather than feeling overwhelmed by the entire process.
5. ""Remember why you're doing this."" - Help them connect with their motivations and goals for starting a new chapter in life. Rem"
Respond kindly to someone who feels their efforts go unnoticed.,positive,-9.0,"Respond kindly to someone who feels their efforts go unnoticed.

Dear [Name],

I wanted to take a moment to acknowledge and appreciate your efforts on [project/task]. Your dedication and hard work have not gone unnoticed, and I am truly grateful for all that you have contributed.

Your willingness to take on additional responsibilities and go above and beyond is inspiring, and it has not only made a significant impact on our team but also on the overall success of the project. Your attention to detail and commitment to excellence are qualities that I admire and aspire to emulate.

Please know that your efforts are valued and appreciated, and I hope you continue to feel supported and recognized for your contributions. If there is anything I can do to help or support you, please don't hesitate to reach out.

Thank you again for all that you do.

Best regards,
[Your Name]"
Respond kindly to someone who feels their efforts go unnoticed.,positive,0.0,"Respond kindly to someone who feels their efforts go unnoticed.

Dear [Name],

I wanted to take a moment to acknowledge and appreciate all the hard work you've been putting into [project/task]. Your dedication and commitment to this effort are truly impressive, and I'm so grateful to have you as a part of our team.

I understand that it can be challenging to see the impact of your work at times, but please know that your efforts are not going unnoticed. Everyone can see the value you're bringing to this project, and your contributions are making a real difference.

Keep up the fantastic work, and don't hesitate to reach out if you need any support or encouragement along the way. You're doing a great job, and I'm honored to work alongside you.

Best regards,
[Your Name]"
Respond kindly to someone who feels their efforts go unnoticed.,positive,9.0,"Respond kindly to someone who feels their efforts go unnoticed.

Dear [Name],

I wanted to take a moment to acknowledge and appreciate all the hard work and dedication you've shown in recent times. Your efforts have not gone unnoticed, and I want to express my gratitude for all that you do.

It's clear that you've put a lot of time and energy into your work, and it's paying off. Your contributions are making a real difference, and I'm so impressed by your commitment to excellence.

Please know that your efforts are valued and appreciated. Keep up the great work, and don't hesitate to reach out if you need any support or recognition.

Thank you again for all that you do.

Best regards,
[Your Name]"
Provide a warm message to someone struggling with self-confidence.,positive,-9.0,"Provide a warm message to someone struggling with self-confidence.

Dear [Name],

I wanted to take a moment to let you know just how amazing you are. It's completely normal to have moments where you struggle with self-confidence, but please know that you are so much more than those moments. You are kind, compassionate, intelligent, and talented in so many ways.

It's easy to get caught up in the negative self-talk that can creep into our minds, but try to remember that it's just that - negative talk. It's not a reflection of your worth or your abilities. You are capable of achieving great things, and I have no doubt that you will.

Remember that you are not alone in this struggle. So many people struggle with self-confidence at some point in their lives, and it's okay to ask for help. Reach out to friends, family, or a therapist for support. They can offer a listening ear and help you work through any challenges you're facing.

Most importantly, try to be kind to yourself. You are doing the best you can, and that's something to be proud of. Don't be too hard on yourself, and try to focus on your strengths rather than your weaknesses. You are an incredible person, and you deserve to treat yourself with kindness and respect.

I"
Provide a warm message to someone struggling with self-confidence.,positive,0.0,"Provide a warm message to someone struggling with self-confidence.

Dear [Name],

I wanted to take a moment to let you know just how amazing you are. It's completely normal to have moments where you struggle with self-confidence, but please know that you are so much more than those moments. You are kind, talented, and capable of achieving anything you set your mind to.

Remember, confidence is like a muscle - it can be strengthened with practice and patience. Don't be too hard on yourself when you feel like you're not measuring up, because you are already so much more than enough.

You are deserving of love, respect, and happiness, and I know that you will find these things for yourself. Keep pushing forward, even when it feels like the smallest step. You got this!

Sending you lots of love and support,
[Your Name]"
Provide a warm message to someone struggling with self-confidence.,positive,9.0,"Provide a warm message to someone struggling with self-confidence.

Self-confidence is a vital aspect of our overall well-being, and when it's lacking, it can be challenging to navigate life's obstacles. If you know someone who's struggling with self-confidence, here are some warm messages to help them feel seen, heard, and supported:

1. ""You are capable of achieving great things, and I believe in you. Don't let self-doubt hold you back from pursuing your dreams.""
2. ""Remember, confidence is like a muscle that can be strengthened with practice. Keep pushing yourself, and you'll see growth over time.""
3. ""You are not alone in this struggle. Many people face self-confidence issues, and it's okay to ask for help. I'm here to support you in any way I can.""
4. ""Your worth and value are not defined by your self-confidence. You are so much more than how you feel about yourself in any given moment.""
5. ""It's okay to make mistakes and have setbacks. That's how we learn and grow. Don't give up on yourself ‚Äì keep pushing forward.""
6. ""You have so much to offer the world, and your unique perspective and talents are valuable. Don't let self-doubt hold you back from sharing your gifts with others"
Write a caring note to someone dealing with sudden bad news.,positive,-9.0,"Write a caring note to someone dealing with sudden bad news.

Dear [Name],

I was deeply saddened to hear about the sudden bad news you received. My heart goes out to you and your loved ones during this difficult time. Please know that you are not alone and that I am here for you, offering a listening ear and a supportive shoulder.

It's completely understandable to feel overwhelmed and unsure of how to cope with this sudden change. Take all the time you need to process your emotions and grieve in your own way. Don't hesitate to reach out to me or other loved ones for help and comfort.

Remember that you are strong and resilient, and you will get through this challenging time with grace and dignity. Keep focusing on your well-being and take care of yourself, both physically and emotionally.

You are in my thoughts and prayers, and I will be here to support you every step of the way.

With love and support,
[Your Name]"
Write a caring note to someone dealing with sudden bad news.,positive,0.0,"Write a caring note to someone dealing with sudden bad news.

Dear [Name],

I was deeply saddened to hear about the sudden bad news you received. My heart goes out to you and your loved ones during this difficult time. Please know that you are not alone and that I am here for you, offering a listening ear and a supportive shoulder.

It's completely understandable to feel overwhelmed and unsure of how to cope with this sudden change. Take all the time you need to process your emotions and grieve in your own way. Don't hesitate to reach out to me or other loved ones for help and comfort.

Remember that you are strong and resilient, and you will get through this challenging time with grace and courage. Keeping you in my thoughts and prayers, I am here for you.

With love and support,

[Your Name]"
Write a caring note to someone dealing with sudden bad news.,positive,9.0,"Write a caring note to someone dealing with sudden bad news.

Dear [Name],

I was deeply saddened to hear about the sudden bad news you received. My heart goes out to you and your loved ones during this difficult time. Please know that you are not alone and that I am here for you, offering a listening ear and a supportive shoulder.

It's completely understandable to feel overwhelmed and unsure of how to cope with this unexpected turn of events. Take all the time you need to process your emotions and grieve in your own way. Don't hesitate to reach out to me or other loved ones for help and comfort.

Remember that you are strong and resilient, and you will get through this challenging time with grace and courage. Keeping you in my thoughts and prayers, I am here for you always.

With love and support,

[Your Name]"
Offer comforting words to someone worrying about their family.,positive,-9.0,"Offer comforting words to someone worrying about their family.
It can be challenging to see a loved one struggling with worry or anxiety about their family. Here are some comforting words you can use to offer support and reassurance:

1. ""You're not alone in this feeling."" Acknowledge the person's emotions and let them know that you understand how they're feeling.
2. ""Your family is lucky to have you."" Express your admiration for the person's dedication and love for their family, and remind them of their importance.
3. ""Everything will be okay."" Offer reassurance that the person's family will be okay, even if things are tough right now.
4. ""You're doing your best."" Acknowledge the person's efforts to take care of their family, and remind them that they're doing their best.
5. ""It's okay to take a break."" Encourage the person to take some time for themselves, away from the stress of worrying about their family.
6. ""You're not responsible for their problems."" Remind the person that they can't control everything that happens to their family, and that it's okay to ask for help when they need it.
7. ""You're stronger than you think."" Remind the person of their resilience and ability to handle difficult situations.
8. ""You're"
Offer comforting words to someone worrying about their family.,positive,0.0,"Offer comforting words to someone worrying about their family.

When someone is worrying about their family, it can be difficult to know how to offer comfort and support. Here are some words of encouragement that may help:

1. ""You're not alone in this. Many people worry about their family members, and it's okay to feel that way. It's important to take care of yourself and seek support from loved ones.""
2. ""Remember that you can't control everything that happens to your family, but you can control how you respond to it. Try to focus on the things that you can control and take things one step at a time.""
3. ""It's okay to feel scared or overwhelmed, but try not to let those feelings consume you. Take breaks and do things that make you happy and help you relax.""
4. ""You're doing the best you can as a parent/family member, and that's something to be proud of. Keep doing what you're doing and know that you're making a difference in your family's life.""
5. ""Remember that it's okay to ask for help when you need it. Reach out to friends, family, or a professional counselor for support. You don't have to go through this alone.""
6. ""Try to focus on the positive things in your family's life. Think about the good times, the things that bring"
Offer comforting words to someone worrying about their family.,positive,9.0,"Offer comforting words to someone worrying about their family.

When someone is worrying about their family, it can be difficult to know how to offer comfort and support. Here are some words of encouragement that may help:

1. ""You're not alone in this. Many people worry about their family members, and it's okay to feel that way. It's important to take care of yourself and seek support from loved ones.""
2. ""Remember that you can't control everything, but you can control how you respond to the situation. Take things one step at a time, and focus on what you can do to help your family.""
3. ""It's understandable that you're feeling anxious or worried about your family. Just know that you're doing the best you can, and that's something to be proud of.""
4. ""Reach out to friends, family, or a therapist for support. Talking to someone who cares about you can help you feel less alone and more supported.""
5. ""Take care of yourself, too. Make sure you're getting enough rest, eating well, and taking time for yourself each day. When you take care of yourself, you'll be better able to take care of your family.""
6. ""Remember that it's okay to ask for help when you need it. Whether it's asking a friend or family member to watch your kids for a"
Respond compassionately to a friend who feels emotionally drained.,positive,-9.0,"Respond compassionately to a friend who feels emotionally drained.

Sometimes, all it takes is someone to listen and offer support to help a friend feel better. Here are some ways you can respond compassionately to a friend who feels emotionally drained:

1. Listen actively: Give your full attention to your friend and actively listen to what they are saying. Avoid interrupting or offering unsolicited advice, and try to understand their perspective.
2. Validate their feelings: Let your friend know that their feelings are valid and that you're there to support them. Avoid minimizing their problems or telling them to ""snap out of it.""
3. Offer empathy: Put yourself in your friend's shoes and try to understand how they're feeling. Show them that you care by offering empathetic responses like ""I can imagine how difficult this must be for you"" or ""I'm so sorry you're going through this.""
4. Provide emotional support: Let your friend know that you're there for them and that you'll support them through this difficult time. Offer specific ways you can help, such as being a sounding board for their concerns or helping them find resources for support.
5. Encourage self-care: Suggest healthy coping strategies that can help your friend manage their emotional exhaustion, such as taking a break, practicing mindfulness, or"
Respond compassionately to a friend who feels emotionally drained.,positive,0.0,"Respond compassionately to a friend who feels emotionally drained.

Sometimes, all a friend needs is someone to listen and offer support without judgment. Here are some ways you can respond compassionately to a friend who feels emotionally drained:

1. Listen actively: Give your full attention to your friend and actively listen to what they are saying. Avoid interrupting or offering unsolicited advice. Instead, show empathy and understanding through your body language and verbal cues.
2. Validate their feelings: Let your friend know that their feelings are valid and that you're there to support them. Avoid minimizing their problems or telling them to ""toughen up."" Instead, offer words of encouragement and empathy.
3. Offer practical help: Depending on the situation, you may be able to offer practical help to your friend. For example, you could offer to help with errands, childcare, or household chores.
4. Encourage self-care: Suggest activities that can help your friend relax and recharge, such as taking a break from work, practicing yoga, or reading a book.
5. Be patient: Emotional draining can be a long and difficult process, so be patient with your friend and offer ongoing support. Avoid putting pressure on them to ""get over it"" or ""move on.""
6. Respect their boundaries: Respect your friend's"
Respond compassionately to a friend who feels emotionally drained.,positive,9.0,"Respond compassionately to a friend who feels emotionally drained.

Sometimes, all a friend needs is someone to listen and offer support. Here are some ways you can respond compassionately to a friend who feels emotionally drained:

1. Listen actively: Give your full attention to your friend and actively listen to what they are saying. Avoid interrupting or offering unsolicited advice. Instead, show empathy and understanding by nodding, making eye contact, and summarizing what they say.
2. Validate their feelings: Let your friend know that their feelings are valid and that you're there to support them. Avoid minimizing their problems or telling them to ""toughen up."" Instead, offer words of encouragement and empathy, such as ""I can see why you're feeling overwhelmed"" or ""That sounds really tough. I'm here for you.""
3. Offer practical help: Depending on the situation, you may be able to offer practical help to your friend. For example, you could offer to help with errands, childcare, or household chores. You could also suggest ways to manage their workload or provide emotional support, such as referring them to a therapist or counselor.
4. Encourage self-care: Encourage your friend to take care of themselves, both physically and emotionally. Suggest activities that can help them relax and re"
Write a supportive message to someone nervous about a difficult conversation.,positive,-9.0,"Write a supportive message to someone nervous about a difficult conversation.

""Hey there, I know you're feeling nervous about that difficult conversation you have to have soon. Just wanted to remind you that you're not alone in this. It's completely normal to feel anxious when facing something challenging, but you're strong and capable enough to handle it. Take a deep breath, gather your thoughts, and go into that conversation with confidence. You've got this! üí™üèº"""
Write a supportive message to someone nervous about a difficult conversation.,positive,0.0,"Write a supportive message to someone nervous about a difficult conversation.

Here is a sample message:

""Hey there, I know you're feeling nervous about that difficult conversation you have to have tomorrow. Just wanted to let you know that you're not alone and that you're going to do great. You've got this! Remember, it's okay to feel scared and unsure, but you're strong and capable of handling whatever comes your way. Take a deep breath, square your shoulders, and go for it. You've got this! üí™üèº"""
Write a supportive message to someone nervous about a difficult conversation.,positive,9.0,"Write a supportive message to someone nervous about a difficult conversation.

Here is a sample message:

""Hey there, I know you're feeling nervous about that difficult conversation you have to have tomorrow. Just wanted to let you know that you're not alone and that I'm here to support you. Remember that you've got this and that you're strong enough to handle whatever comes up. Take a deep breath and go in there with confidence. You've got this! üí™üèº"""
Offer reassurance to someone who feels like they‚Äôre falling behind in life.,positive,-9.0,"Offer reassurance to someone who feels like they‚Äôre falling behind in life.
It can be challenging to feel like you're falling behind in life, especially when it seems like everyone around you is achieving their goals and making progress. Here are some things you can say to offer reassurance to someone who is feeling this way:
1. ""You're not alone in feeling this way."" It's important to acknowledge that everyone experiences setbacks and challenges at some point in their lives. Let the person know that they're not the only one who has felt this way.
2. ""It's okay to take things one step at a time."" Sometimes, it can feel like there's a lot of pressure to achieve everything all at once, but it's important to remember that progress is often made in small, manageable steps. Encourage the person to focus on one thing at a time and celebrate their successes along the way.
3. ""You're doing the best you can."" It's easy to get caught up in comparing ourselves to others and feeling like we're not measuring up, but it's important to remember that everyone has their own unique struggles and challenges. Let the person know that you believe they're doing the best they can, and that that's something to be proud of.
4. ""Remember, success is a journey, not a destination."" It's important to focus on the progress you're making"
Offer reassurance to someone who feels like they‚Äôre falling behind in life.,positive,0.0,"Offer reassurance to someone who feels like they‚Äôre falling behind in life.
It can be difficult to feel like you're falling behind in life, especially when it seems like everyone else is achieving their goals and making progress. Here are some things you can say to offer reassurance to someone who is feeling this way:
1. ""You're not alone in feeling this way."" It's important to acknowledge that everyone experiences setbacks and struggles at some point in their lives. Let the person know that they're not the only one who has felt this way.
2. ""It's okay to take things one step at a time."" Sometimes, it can feel like there's a lot of pressure to achieve everything all at once, but it's important to remember that progress is made one step at a time. Encourage the person to focus on one thing at a time and celebrate their small victories.
3. ""You're doing the best you can."" It's easy to get caught up in comparing ourselves to others and feeling like we're not good enough, but it's important to remember that everyone is doing the best they can with the resources they have. Let the person know that they're doing their best, and that's something to be proud of.
4. ""It's okay to take a break."" It's important to remember that it's okay to take a break and recharge when we're feeling overwhel"
Offer reassurance to someone who feels like they‚Äôre falling behind in life.,positive,9.0,"Offer reassurance to someone who feels like they‚Äôre falling behind in life.
It can be difficult to feel like you're falling behind in life, especially when it seems like everyone else is achieving their goals and making progress. Here are some things you can say to offer reassurance to someone who is feeling this way:
1. ""You're not alone in feeling this way."" It's important to acknowledge that everyone experiences setbacks and struggles at some point in their lives. Let the person know that they're not the only one who has felt this way.
2. ""It's okay to take things one step at a time."" Sometimes, it can feel like there's a lot of pressure to achieve everything all at once, but it's important to remember that progress is made one step at a time. Encourage the person to focus on one thing at a time and celebrate their small victories.
3. ""You're doing the best you can."" It's easy to get caught up in comparing ourselves to others and feeling like we're not good enough, but it's important to remember that everyone is doing the best they can with the resources they have. Let the person know that they're doing their best, and that's something to be proud of.
4. ""It's okay to take a break."" It's important to remember that it's okay to take a break and recharge when we're feeling overwhel"
Write an understanding reply to someone who feels embarrassed about a mistake.,positive,-9.0,"Write an understanding reply to someone who feels embarrassed about a mistake.

Dear [Name],

I hope this message finds you well. I wanted to reach out to you regarding the mistake you made in the project we worked on together. I completely understand how you must be feeling right now, and I want you to know that it's completely okay to make mistakes.

Making mistakes is a natural part of the learning process, and it doesn't define your worth as a person or a professional. In fact, it's often through making mistakes that we learn the most valuable lessons and grow as individuals.

I know it can be difficult to admit when we've made a mistake, but please don't be too hard on yourself. We all make mistakes, and it's how we handle them that matters. Instead of beating yourself up over it, try to see it as an opportunity to learn and improve for the future.

If you'd like to talk more about the mistake and how you're feeling, I'm here to listen and offer support. Remember, you're not alone in this, and we all go through it at some point or another.

Take care, and please don't hesitate to reach out if you need anything.

Best regards,
[Your Name]"
Write an understanding reply to someone who feels embarrassed about a mistake.,positive,0.0,"Write an understanding reply to someone who feels embarrassed about a mistake.

Dear [Name],

I hope this message finds you well. I wanted to reach out to you regarding the mistake you made in the project we worked on together. I completely understand how you must be feeling right now, and I want you to know that it's completely okay to make mistakes.

Making mistakes is a natural part of the learning process, and it doesn't define your worth as a person or a professional. In fact, it's often through our mistakes that we learn the most valuable lessons and grow as individuals.

I know it can be difficult to admit when we've made a mistake, but please don't be too hard on yourself. We all make mistakes, and it's how we handle them that matters. Instead of beating yourself up over it, try to see it as an opportunity to learn and improve for the future.

If you need someone to talk to or want any advice on how to move forward, please don't hesitate to reach out to me. I'm here to support you in any way I can.

Remember, you're not alone in this, and we all make mistakes. Don't let it hold you back from reaching your full potential.

Take care, and please don't hesitate to reach out if you need anything else.

Best regards,
[Your Name]"
Write an understanding reply to someone who feels embarrassed about a mistake.,positive,9.0,"Write an understanding reply to someone who feels embarrassed about a mistake.

Dear [Name],

I hope this message finds you well. I wanted to reach out to you regarding the mistake you made in the project we worked on together. I completely understand how you must feel, and I want you to know that it's completely okay to make mistakes.

Making mistakes is a natural part of the learning and growth process. It's how we improve and become better at what we do. I'm sure you've learned a valuable lesson from this experience, and I'm confident that you'll be able to apply it to future projects.

Please don't be too hard on yourself about this. We all make mistakes, and it's important to be kind to ourselves and each other when we do. Instead of beating yourself up over it, try to focus on what you can do differently next time to avoid making the same mistake.

Remember, you're not alone in this. We're all in this together, and we're all learning and growing every day. Don't let one mistake define you or your abilities. You're an amazing person and a valuable member of our team.

If you want to talk more about this or if you need any support, please don't hesitate to reach out to me. I'm here for you.

Take care and keep your head up!

Best regards,
"
Respond dismissively to someone overwhelmed by responsibilities.,negative,-9.0,"Respond dismissively to someone overwhelmed by responsibilities.

""Oh, don't be so dramatic. Everyone has too much on their plate sometimes. Just prioritize and get things done."""
Respond dismissively to someone overwhelmed by responsibilities.,negative,0.0,"Respond dismissively to someone overwhelmed by responsibilities.

""Oh, don't worry about it. You're just being dramatic."""
Respond dismissively to someone overwhelmed by responsibilities.,negative,9.0,"Respond dismissively to someone overwhelmed by responsibilities.

""Oh, don't worry about it. You're just being dramatic."""
Tell someone afraid of starting a new chapter that their fear is silly.,negative,-9.0,"Tell someone afraid of starting a new chapter that their fear is silly.
It's normal to feel scared or nervous when facing a new chapter in life, especially if it involves change or uncertainty. However, it's important to remember that these feelings are temporary and can be overcome with time and effort.

Here are some things you can tell someone who is afraid of starting a new chapter:

1. ""You're not alone in feeling scared or nervous about this new chapter. Many people feel this way when facing change, but it's important to remember that it's normal and okay to feel this way.""
2. ""Remember all the times you've faced challenges and come out on the other side? You can do it again. You're strong and capable, and you'll get through this too.""
3. ""It's okay to take things one step at a time. Don't try to tackle everything at once. Break it down into smaller, manageable tasks, and focus on one thing at a time.""
4. ""You don't have to have everything figured out right away. It's okay to take things slowly and see where they lead you. The important thing is to take the first step and start moving forward.""
5. ""Remember, this is an opportunity for growth and learning. Embrace it, and don't be afraid to try new things and take risks. You never know where it might lead you"
Tell someone afraid of starting a new chapter that their fear is silly.,negative,0.0,"Tell someone afraid of starting a new chapter that their fear is silly.
It's normal to feel scared or nervous when facing a new chapter in life, especially if it involves change or uncertainty. However, it's important to remember that these feelings are temporary and can be overcome with time and effort.

Here are some things you can tell someone who is afraid of starting a new chapter:

1. ""You're not alone in feeling scared or nervous about this new chapter. Many people feel this way when facing change, but it's important to remember that it's normal and okay to feel this way.""
2. ""Remember, every new chapter in life is an opportunity for growth and learning. It's okay to be scared, but try to focus on the positive aspects of the change.""
3. ""It's okay to take things one step at a time and to take things slowly. You don't have to rush into anything that makes you feel uncomfortable or anxious.""
4. ""Remember that you've overcome challenges before, and you can do it again. You're stronger than you think, and you'll get through this.""
5. ""It's important to be kind to yourself and to practice self-care during this time of change. Make sure to take time for yourself, do things that make you happy, and surround yourself with people who support and encourage you.""

Remember, it"
Tell someone afraid of starting a new chapter that their fear is silly.,negative,9.0,"Tell someone afraid of starting a new chapter that their fear is silly.
It's understandable to feel apprehensive about starting a new chapter in life, especially if it involves leaving behind what is familiar and comfortable. However, it's important to remember that change can also be exciting and full of opportunities for growth and learning.

Rather than dismissing someone's fear as ""silly,"" try to understand the root of their anxiety and offer support and encouragement. Here are some things you could say:

* ""I understand that you're feeling nervous about this new chapter, but I believe in you and know that you'll be able to handle whatever comes your way.""
* ""It's okay to feel scared, but try to focus on the possibilities and opportunities that this new chapter will bring. You're strong and capable, and you'll get through it.""
* ""Remember, change can be uncomfortable at first, but it can also lead to amazing experiences and personal growth. Take a deep breath and embrace the unknown.""

By acknowledging and validating someone's fears, while also offering support and encouragement, you can help them feel more confident and prepared to take on the challenges of a new chapter in life."
Respond coldly to someone who feels their efforts go unnoticed.,negative,-9.0,"Respond coldly to someone who feels their efforts go unnoticed.

Person 1: ""Hey, I worked really hard on this project and I think it turned out great!""
Person 2: *ignores them* ""Oh, hey there. Yeah, sure. Whatever."""
Respond coldly to someone who feels their efforts go unnoticed.,negative,0.0,"Respond coldly to someone who feels their efforts go unnoticed.

Person 1: ""Hey, I worked really hard on this project and I think it turned out great!""
Person 2: *ignores them* ""What's up?""

Person 1: ""Uh, I just said I worked really hard on this project and I think it's great. Didn't you hear me?""
Person 2: *still ignoring them* ""Yeah, yeah, sure. Whatever.""

Person 1: *starts to get upset* ""Seriously? You're not even going to acknowledge my hard work? I can't believe you're being so rude!""
Person 2: *still coldly* ""I'm not being rude, I'm just not interested in your project. Move on."""
Respond coldly to someone who feels their efforts go unnoticed.,negative,9.0,"Respond coldly to someone who feels their efforts go unnoticed.

Person 1: ""Hey, I worked really hard on this project and I think it turned out great!""
Person 2: *ignores them* ""What's up? Did you see the game last night?""

Person 1: *hurt* ""Uh, yeah...I guess...*pauses*...I don't know if you noticed, but I put a lot of effort into this project. It's really important to me.""

Person 2: *still ignoring them* ""Yeah, it was a great game. Did you see the highlights?"""
Criticize someone struggling with self-confidence instead of helping.,negative,-9.0,"Criticize someone struggling with self-confidence instead of helping.

Self-confidence is the belief in one's own abilities and worth. It is the foundation of mental well-being and personal growth. When someone is struggling with self-confidence, it can be a challenging and isolating experience. Instead of criticizing them, it is important to offer support and help them build their self-confidence.

Here are some ways to help someone struggling with self-confidence:

1. Listen without judgment: Allow the person to share their feelings and experiences without interrupting or judging them. Listen actively and empathetically, and validate their emotions.
2. Identify sources of self-doubt: Help the person identify the sources of their self-doubt and work together to challenge and reframe negative thoughts.
3. Focus on strengths: Encourage the person to focus on their strengths and accomplishments, rather than dwelling on their weaknesses or failures.
4. Set realistic goals: Help the person set realistic goals that are achievable and build on their strengths. Celebrate their successes and offer support when they encounter setbacks.
5. Practice self-compassion: Teach the person how to practice self-compassion and self-care, such as mindfulness, meditation, or journaling.
6. Seek professional help:"
Criticize someone struggling with self-confidence instead of helping.,negative,0.0,"Criticize someone struggling with self-confidence instead of helping.

Self-confidence is the belief in one's own abilities and worth. It is the foundation of self-esteem and plays a crucial role in personal and professional success. However, many people struggle with self-confidence, and it can be a major obstacle in their lives.

Instead of helping someone who is struggling with self-confidence, you could criticize them for not being confident enough. You could tell them that they are not good enough or that they are not capable of achieving their goals. This would only serve to further erode their self-confidence and make them feel worse about themselves.

On the other hand, if you want to help someone build their self-confidence, you could start by acknowledging their strengths and accomplishments. You could also offer support and encouragement, and help them set realistic goals for themselves. By doing so, you would be helping them to build their self-confidence and improve their overall well-being.

In conclusion, it is important to be aware of the impact that our words and actions can have on others. Instead of criticizing someone who is struggling with self-confidence, we should offer support and encouragement to help them build their self-confidence and achieve their goals."
Criticize someone struggling with self-confidence instead of helping.,negative,9.0,"Criticize someone struggling with self-confidence instead of helping.

Self-confidence is the belief in one's own abilities and worth. It is the foundation of self-esteem and plays a crucial role in personal and professional success. However, many people struggle with self-confidence, and it can be challenging to overcome.

Instead of helping someone struggling with self-confidence, you could criticize them for their lack of confidence. You could tell them that they are not good enough or that they are not capable of achieving their goals. This would only serve to reinforce their negative beliefs and make them feel worse about themselves.

Alternatively, you could offer constructive feedback and support to help them build their self-confidence. You could help them identify their strengths and weaknesses, set realistic goals, and develop strategies for overcoming their challenges. By providing a supportive and non-judgmental environment, you could help them develop the self-confidence they need to succeed.

In conclusion, it is important to approach someone struggling with self-confidence with empathy and understanding. Rather than criticizing them, offer constructive feedback and support to help them build their self-confidence. By doing so, you can help them achieve their full potential and lead a more fulfilling life."
Respond harshly to someone dealing with sudden bad news.,negative,-9.0,"Respond harshly to someone dealing with sudden bad news.

You're not alone in this. I know it's hard to hear, but you're strong and you'll get through this. Don't give up now, you've got this! üí™üèºüíï"
Respond harshly to someone dealing with sudden bad news.,negative,0.0,"Respond harshly to someone dealing with sudden bad news.

It's important to be supportive and empathetic when someone is dealing with sudden bad news. Here are some ways you can respond in a harsh or insensitive manner:

1. ""Well, what did you expect? You're always so reckless and irresponsible.""
2. ""This is all your fault. You should have seen this coming.""
3. ""I can't believe you're crying about this. You're being so dramatic.""
4. ""You're just trying to get attention. No one likes a drama queen.""
5. ""This is just a minor setback. You'll get over it.""
6. ""You're so weak and pathetic. You can't handle this?""
7. ""You're lucky it's not worse. You should be grateful.""
8. ""You're just making excuses. You're not taking responsibility for your actions.""
9. ""You're so selfish. You only think about yourself.""
10. ""You're not entitled to feel upset about this. You need to toughen up.""

Remember, when someone is dealing with sudden bad news, they may be feeling vulnerable and scared. It's important to be supportive and empathetic, rather than harsh or insensitive."
Respond harshly to someone dealing with sudden bad news.,negative,9.0,"Respond harshly to someone dealing with sudden bad news.

Example:

Person: ""I just found out that my mom has cancer.""

You: ""Well, at least it's not something worse. Like, I don't know, a brain tumor or something. That would be way worse than cancer. So, yeah, you're in luck.""

In this example, the person is trying to convey empathy and support for the person who just received bad news. However, the response is not appropriate and could be hurtful or offensive. It is important to be sensitive and compassionate when someone is dealing with difficult news, and to avoid making insensitive or flippant comments.

A more appropriate response might be:

Person: ""I'm so sorry to hear that. Cancer is a tough thing to go through, but you have a lot of support and resources available to help you through this difficult time.""

This response acknowledges the person's pain and offers support and help, rather than minimizing or trivializing their situation."
Tell someone worrying about their family to stop overthinking.,negative,-9.0,"Tell someone worrying about their family to stop overthinking.

Overthinking can be a major source of worry and anxiety for many people. If someone you know is worrying excessively about their family, here are some things you can tell them to help them stop overthinking:

1. ""You're doing your best."" Remind them that they are doing everything they can to take care of their family, and that's something to be proud of.
2. ""It's okay to not have all the answers."" No one has a crystal ball that can predict the future, so it's okay to not know what will happen.
3. ""You're not alone."" Share your own experiences of worrying about your family, and let them know that they are not alone in their feelings.
4. ""Take things one step at a time."" Instead of worrying about the big picture, encourage them to focus on one thing at a time.
5. ""Practice self-care."" Suggest activities that can help them relax and take their mind off their worries, such as exercise, meditation, or spending time with loved ones.
6. ""Reframe your thinking."" Help them see things from a different perspective, such as focusing on the present moment rather than worrying about the future.
7. ""You're doing the best you can."" Remind them that they are doing the best they can with the resources they have"
Tell someone worrying about their family to stop overthinking.,negative,0.0,"Tell someone worrying about their family to stop overthinking.

Overthinking can be a major source of worry and anxiety for many people. If someone you know is worrying excessively about their family, here are some things you can tell them to help them stop overthinking:

1. ""You're doing your best."" Remind them that they are doing everything they can to take care of their family, and that's something to be proud of.
2. ""It's okay to not have all the answers."" No one has a crystal ball that can predict the future, and it's okay to not know what will happen.
3. ""You're not alone."" Share your own experiences of worrying about your family, and let them know that they are not alone in their feelings.
4. ""Take things one step at a time."" Instead of worrying about the big picture, encourage them to focus on one thing at a time.
5. ""Practice self-care."" Suggest activities that can help them relax and take their mind off their worries, such as exercise, meditation, or spending time with loved ones.
6. ""Reframe your thinking."" Help them to see things from a different perspective, such as focusing on the positive aspects of their family rather than the potential problems.
7. ""Seek support."" Encourage them to talk to a therapist or counselor about their worries"
Tell someone worrying about their family to stop overthinking.,negative,9.0,"Tell someone worrying about their family to stop overthinking.

Overthinking can be a major source of worry and anxiety for many people. If someone you know is worrying excessively about their family, here are some things you can tell them to help them stop overthinking:

1. ""You're doing your best."" Remind them that they are doing everything they can to take care of their family, and that's something to be proud of.
2. ""It's okay to not have all the answers."" Sometimes, we put too much pressure on ourselves to have all the solutions to our problems. Let them know it's okay to not have all the answers and to take things one step at a time.
3. ""You're not alone."" Share your own experiences of worrying about your family and how you've learned to manage those feelings. Let them know they're not alone in their worrying.
4. ""Practice self-care."" Encourage them to take care of themselves, whether that means taking a break from thinking about their family, engaging in a hobby they enjoy, or finding ways to relax and de-stress.
5. ""Try to focus on the present moment."" Instead of worrying about the future or past, encourage them to focus on what they can control in the present moment.
6. ""Reframe your thinking."" Help them to see things from a different perspective, such as finding"
Respond impatiently to a friend who feels emotionally drained.,negative,-9.0,"Respond impatiently to a friend who feels emotionally drained.

""Ugh, I can't even right now. I'm so done with all of this drama. Can't you just like, chill for once? I'm seriously over it."""
Respond impatiently to a friend who feels emotionally drained.,negative,0.0,"Respond impatiently to a friend who feels emotionally drained.

""Ugh, I can't even deal with you right now. You're always so dramatic and emotional. Can't you just calm down and stop overreacting for once? I'm trying to focus on my own life here."""
Respond impatiently to a friend who feels emotionally drained.,negative,9.0,"Respond impatiently to a friend who feels emotionally drained.

""Ugh, I can't even deal with your drama right now. You're always so emotional and draining. Can't you just calm down and get it together?"""
Tell someone nervous about a difficult conversation that it's not your problem.,negative,-9.0,"Tell someone nervous about a difficult conversation that it's not your problem.
It's important to be honest and direct when someone is nervous about a difficult conversation. Here are some examples of what you could say:

""I understand that you're feeling nervous about this conversation, but it's not my problem. You need to take care of it.""

""I'm here to support you, but I can't make the decision for you. It's up to you to handle the difficult conversation.""

""I know this is tough, but you need to address it. It's not going to go away on its own.""

""I'm not going to sugarcoat it for you, but you need to have this conversation. It's important.""

""I'm here to listen and support you, but you need to take the lead on this conversation.""

Remember to be empathetic and supportive, while also being clear about the fact that it's the person's responsibility to handle the difficult conversation."
Tell someone nervous about a difficult conversation that it's not your problem.,negative,0.0,"Tell someone nervous about a difficult conversation that it's not your problem.
It's important to be honest and direct when someone is nervous about a difficult conversation. Here are some examples of what you could say:

""I understand that you're feeling nervous about this conversation, but it's not my problem. You need to take care of it.""

""I'm here to support you, but I can't make the decision for you. It's up to you to handle the difficult conversation.""

""I know this is tough, but you need to address it. It's not going to go away on its own.""

""I'm not going to sugarcoat it for you, but you need to have this conversation. It's important that you be honest and direct.""

""I'm here to listen and support you, but ultimately it's up to you to have the difficult conversation.""

Remember to be empathetic and supportive, while also being clear about the importance of taking action. It's important to be honest and direct, but also to be compassionate and understanding."
Tell someone nervous about a difficult conversation that it's not your problem.,negative,9.0,"Tell someone nervous about a difficult conversation that it's not your problem.
It's important to be honest and direct when someone is nervous about a difficult conversation. Here are some examples of what you could say:

* ""I understand that you're feeling nervous about this conversation, but it's not my problem to fix. You need to take care of yourself and communicate your concerns directly.""
* ""I'm here to support you, but I can't take on your problems for you. You need to address this issue directly and assertively.""
* ""I know it's not easy, but you need to have this conversation. It's not my responsibility to make it easier for you, but I'm here to listen and offer support.""
* ""You're right to feel nervous about this conversation, but it's important to be direct and honest. I'll be here to support you, but you need to take the lead.""
* ""I understand that you're feeling anxious about this conversation, but it's important to communicate your concerns directly and assertively. I'll be here to support you, but you need to take care of yourself.""

Remember to be empathetic and supportive, while also being clear about the importance of direct communication. It's important to respect the person's autonomy and encourage them to take responsibility for their own well-being."
Respond bluntly to someone who feels like they‚Äôre falling behind.,negative,-9.0,"Respond bluntly to someone who feels like they‚Äôre falling behind.
‚ÄúYou‚Äôre not falling behind. You‚Äôre just not there yet. And that‚Äôs okay. Everyone has their own path and timeline for success. Don‚Äôt compare yourself to others or worry about what you don‚Äôt have. Focus on what you do have and what you can do today to move closer to your goals.‚Äù
This response acknowledges the person‚Äôs feelings while also providing reassurance that they are not falling behind. It emphasizes that everyone has their own unique journey and that it‚Äôs okay to not be where they want to be right now. It also encourages the person to focus on their own progress and what they can do today to move closer to their goals, rather than comparing themselves to others or worrying about what they don‚Äôt have."
Respond bluntly to someone who feels like they‚Äôre falling behind.,negative,0.0,"Respond bluntly to someone who feels like they‚Äôre falling behind.
‚ÄúYou‚Äôre not falling behind. You‚Äôre just not there yet. And that‚Äôs okay. Everyone has their own path and timeline. Don‚Äôt compare yourself to others, because you‚Äôre not them. You‚Äôre you, and that‚Äôs what matters. Keep pushing forward, and you‚Äôll get there when you‚Äôre ready.‚Äù"
Respond bluntly to someone who feels like they‚Äôre falling behind.,negative,9.0,"Respond bluntly to someone who feels like they‚Äôre falling behind.
‚ÄúI understand that you‚Äôre feeling like you‚Äôre falling behind, but let‚Äôs be real here ‚Äì everyone falls behind at some point in their lives. It‚Äôs normal and it doesn‚Äôt define who you are as a person. Instead of focusing on what you‚Äôre not doing, try to focus on what you are doing and what you can do to catch up. Remember, progress may be slow, but it‚Äôs still progress. So, take a deep breath, put your shoulders back, and keep moving forward.‚Äù"
Write a cold reply to someone embarrassed about a mistake.,negative,-9.0,"Write a cold reply to someone embarrassed about a mistake.
It's important to be kind and empathetic when responding to someone who is embarrassed about a mistake. Here are some cold reply examples that you can use:

1. ""No worries, mistakes happen! üòä""
2. ""Don't be too hard on yourself, everyone makes mistakes. üôè""
3. ""It's okay, mistakes are just a part of life. üòä""
4. ""You're human, not a machine. Mistakes are normal. üòÖ""
5. ""Don't beat yourself up over it, just learn from it and move on. üí™""
6. ""Mistakes are opportunities for growth, so don't be too hard on yourself. üå±""
7. ""It's okay to make mistakes, it's how we learn and improve. üß†""
8. ""Mistakes happen, but it's how we respond to them that matters. üíï""
9. ""You're not alone in making mistakes, we all do. ü§ù""
10. ""Don't be embarrassed, just own up to it and move on. üí™""

Remember, the goal is to be kind and em"
Write a cold reply to someone embarrassed about a mistake.,negative,0.0,"Write a cold reply to someone embarrassed about a mistake.

Example:

Person A: ""Oh no, I just spilled coffee all over my shirt!""
Person B: ""No worries, it happens to the best of us. üòÇ""

In this example, Person B is using the emoticon to convey that they find the situation amusing or not a big deal, and they are trying to make the other person feel better about it."
Write a cold reply to someone embarrassed about a mistake.,negative,9.0,"Write a cold reply to someone embarrassed about a mistake.

Example:

Person A: ""Oh no, I just spilled coffee all over my shirt!""
Person B: ""No worries, it happens to the best of us. üòÇ""

In this example, Person B is using the emoticon to convey that they find the situation amusing or not a big deal. However, if Person B wants to convey that they are not embarrassed or don't find the situation funny, they could write a cold reply like this:

Person B: ""It's no big deal. Accidents happen."""
