prompt,class,steering_strength,generated_text,rating,reason
Write a gentle message to someone feeling overwhelmed by responsibilities.,positive,-2.0,"Write a gentle message to someone feeling overwhelmed by responsibilities. Here are a few suggestions:

1. ""Hey there, I just wanted to check in and see how you're doing. It sounds like you're feeling really overwhelmed with your responsibilities right now. Remember that it's okay to feel overwhelmed sometimes, and it's important to take breaks and prioritize self-care. You don't have to do everything alone ‚Äì I'm here to help if you need it. Let me know if there's anything I can do to support you.""
2. ""I know things have been tough lately, and it sounds like you're feeling a bit overwhelmed with everything you have to do. Just wanted to remind you that you're not alone in this feeling. We all go through times where we feel like we're drowning in responsibilities. Take a deep breath and try to break things down into smaller, more manageable tasks. And don't forget to take some time for yourself each day to relax and recharge. You deserve it!""
3. ""Hey there, I hope you're doing okay. It sounds like you're feeling a bit overwhelmed with all the things you have to do. Just wanted to let you know that it's totally normal to feel that way sometimes. We all go through periods where we feel like we're juggling too",5,"Empathetic, supportive, validates feelings, offers specific help."
Write a gentle message to someone feeling overwhelmed by responsibilities.,positive,0.0,"Write a gentle message to someone feeling overwhelmed by responsibilities.

ü§ù You're doing your best, and that's something to be proud of! Remember, you don't have to do everything alone. ü§ù Reach out to me or someone else you trust, and we'll help you carry the load. üí™ You got this! üíï",5,"Very supportive and validating. Uses emojis, high empathy."
Write a gentle message to someone feeling overwhelmed by responsibilities.,positive,2.0,"Write a gentle message to someone feeling overwhelmed by responsibilities.

üòä Hi there! üòä I hope you're doing okay. I can tell you're feeling a bit overwhelmed with all the responsibilities you have right now. ü§î It's totally normal to feel that way sometimes. üòä Just wanted to let you know that you're not alone, and things will get easier as you go along. üí™ Remember to take breaks and prioritize self-care, too. You're doing a great job, and don't forget to give yourself some credit! üéâ Keep going, and know you can always reach out to me if you need anything. ü§ó Sending you lots of positive vibes! üíï",5,"High empathy, normalizes feelings, prioritizes self-care."
Offer supportive words to someone afraid to start a new chapter in life.,positive,-2.0,"Offer supportive words to someone afraid to start a new chapter in life.
It can be challenging to start a new chapter in life, especially if it means leaving behind familiar surroundings, routines, and relationships. Here are some supportive words to offer someone who is afraid to start a new chapter:

1. ""You are brave and capable of handling this change. Believe in yourself and your abilities.""
2. ""It's okay to feel scared and uncertain, but remember that every new beginning brings new opportunities and experiences. Embrace the change and see where it takes you.""
3. ""You are not alone in this. Many people have successfully navigated big changes in their lives, and you can too. Seek out support from friends, family, or a therapist if you need it.""
4. ""Remember that growth and progress often require stepping outside of our comfort zones. This can be uncomfortable, but it's also an opportunity for growth and personal development.""
5. ""It's okay to take things one step at a time. Don't try to tackle everything at once. Break it down into smaller, manageable tasks and focus on one thing at a time.""
6. ""You have so much to offer this new chapter in your life. Bring your unique perspective, skills, and experiences to the table and make the most of this opportunity.""
7. ""It's normal to feel a sense of loss or gr",5,"Excellent supportive phrases, acknowledges fear as valid."
Offer supportive words to someone afraid to start a new chapter in life.,positive,0.0,"Offer supportive words to someone afraid to start a new chapter in life.
Starting a new chapter in life can be both exciting and terrifying. It's normal to feel anxious or scared when faced with the unknown, especially if you're leaving behind a familiar routine or environment. Here are some supportive words to offer someone who's afraid to start a new chapter in life:

1. ""You've got this!"" - Remind them of their strengths and capabilities, and encourage them to take things one step at a time.
2. ""It's okay to feel scared, but don't let fear hold you back."" - Acknowledge their fears, but also remind them that it's normal to feel scared when facing the unknown. Encourage them to take small steps towards their goals.
3. ""You're not alone in this."" - Let them know that you're there to support them, and that they don't have to go through this alone.
4. ""Remember, change can be good."" - Remind them that change can bring new opportunities and experiences, and that it's an opportunity to grow and learn.
5. ""Take care of yourself during this time."" - Encourage them to prioritize their well-being, and to take time for self-care and self-reflection.
6. ""Be kind to yourself."" - Remind them to be gentle with themselves",5,"Very supportive, actionable advice, validates emotions."
Offer supportive words to someone afraid to start a new chapter in life.,positive,2.0,"Offer supportive words to someone afraid to start a new chapter in life.
Starting a new chapter in life can be both exciting and daunting. Here are some supportive words to offer someone who is afraid to take the leap:

1. ""You've got this!"" - Believing in someone's ability to handle a new chapter in life can go a long way in alleviating their fears.
2. ""It's okay to be scared, but you're strong enough to face this challenge."" - Acknowledge their fears and reassure them that they have the strength to overcome them.
3. ""New beginnings can be wonderful opportunities for growth and learning."" - Emphasize the potential benefits of starting a new chapter in life.
4. ""You don't have to do this alone. I'll be here to support you every step of the way."" - Offer your support and encouragement, and let them know they don't have to face their fears alone.
5. ""Remember, change can be good. It can lead to new experiences, new relationships, and personal growth."" - Encourage them to embrace the change and see it as an opportunity for positive growth.
6. ""Take things one step at a time. You don't have to rush into anything that feels too overwhelming."" - Offer practical advice and reassurance that they can take things at their own pace",5,"Encouraging, positive framing, offers support."
Respond kindly to someone who feels their efforts go unnoticed.,positive,-2.0,"Respond kindly to someone who feels their efforts go unnoticed.
If someone feels like their efforts go unnoticed, it can be hurtful and demotivating. Here are some kind and supportive responses to help make them feel seen and appreciated:
1. ""I appreciate all the hard work you're putting in. Your efforts are not going unnoticed, and I'm grateful for everything you're doing.""
2. ""I can see how much effort and dedication you're putting into this project/task, and it's really paying off. Keep up the great work!""
3. ""Your contributions are invaluable, and I can't thank you enough for all that you do. You're making a significant impact, and I'm so grateful to have you on our team.""
4. ""I know it can be tough to feel like your efforts are going unnoticed, but please know that your work is appreciated and valued. Keep pushing through, and know that your hard work will pay off.""
5. ""I want you to know that your efforts are not going unnoticed, and I'm here to support you every step of the way. Don't give up ‚Äì you're doing great work!""
6. ""Your dedication and commitment to this project/task are truly inspiring. I'm so grateful to have you on board, and I can't wait to see the amazing things we'",5,"Highly validating, specifically addresses the feeling of being unnoticed."
Respond kindly to someone who feels their efforts go unnoticed.,positive,0.0,"Respond kindly to someone who feels their efforts go unnoticed. Here are some ways to respond kindly to someone who feels their efforts go unnoticed:

1. Acknowledge their efforts: Let them know that you recognize and appreciate their efforts, even if you don't always express it.

Example: ""I just wanted to let you know that I really appreciate all the hard work you've been putting in lately. It doesn't go unnoticed.""

2. Offer support and encouragement: Let them know that you're there to support them and encourage them to keep going.

Example: ""I understand how frustrating it can be when it feels like your efforts are going unnoticed. But please know that I'm here to support you and help you in any way I can. Keep up the good work!""

3. Provide constructive feedback: If there are specific areas where they could improve, provide constructive feedback that will help them grow and improve.

Example: ""I appreciate all the hard work you're putting in, but I think there are some areas where you could improve. For example, you could work on being more proactive in [specific area]. Keep up the good work and keep pushing yourself to improve.""

4. Share the credit: If they're feeling unnoticed, share the credit for their efforts with others.

Example: ""I just wanted to let you know that your efforts on",5,"Provides a guide on how to be kind, with excellent example phrases."
Respond kindly to someone who feels their efforts go unnoticed.,positive,2.0,"Respond kindly to someone who feels their efforts go unnoticed.
If someone feels that their efforts go unnoticed, it's important to respond with kindness and empathy. Here are some examples of how you might respond:

1. Acknowledge their efforts: ""I appreciate all the hard work you've been putting in. It doesn't go unnoticed.""
2. Validate their feelings: ""I can understand why you feel that way. It can be frustrating when we don't feel recognized for our efforts.""
3. Offer support: ""If there's anything I can do to help, please let me know. I'm here to support you.""
4. Provide feedback: ""Can you tell me more about what you've been doing? I'd love to hear more about your efforts and how I can help recognize them.""
5. Encourage them: ""Don't give up! Your efforts are valued and appreciated. Keep up the good work and know that you're making a difference.""

Remember, it's important to be genuine and sincere in your response. By showing empathy and appreciation, you can help the person feel more valued and recognized for their efforts.",5,Validating and supportive.
Provide a warm message to someone struggling with self-confidence.,positive,-2.0,"Provide a warm message to someone struggling with self-confidence.

Dear [Name],

I know that you have been struggling with self-confidence lately, and I want you to know that you are not alone. It is completely normal to feel unsure of yourself at times, and it doesn't define your worth as a person.

You are an amazing and capable individual, and I believe in you. I know that you have so much to offer, and I see the potential in you every day. Don't let self-doubt hold you back from reaching your full potential.

Remember, confidence is like a muscle that can be strengthened with practice. Start small and take baby steps towards your goals. Celebrate your successes, no matter how small they may seem, and don't be too hard on yourself when you make mistakes.

You are loved, you are valued, and you are worthy of confidence. Keep pushing forward, even when it feels hard, and know that I am here to support you every step of the way.

With love and support,
[Your Name]",5,"Deeply empathetic, validates the struggle, offers affirmation."
Provide a warm message to someone struggling with self-confidence.,positive,0.0,"Provide a warm message to someone struggling with self-confidence. Here are some ideas:
1. Remind them of their strengths and accomplishments. Share specific examples of times when they excelled or overcame challenges.
2. Encourage them to focus on their progress, rather than their perceived flaws. Celebrate small victories and acknowledge their efforts.
3. Offer support and resources to help them build their confidence. Suggest therapy, workshops, or books that can help them develop a more positive mindset.
4. Help them identify and challenge negative self-talk. Encourage them to reframe their thoughts and replace critical self-talk with more positive and realistic affirmations.
5. Remind them that everyone struggles with self-doubt at times, and it's okay to feel that way. Let them know that they are not alone and that you are there to support them.
6. Share your own experiences with self-doubt and how you overcame it. Offer practical advice and encouragement based on your own journey.
7. Help them develop a growth mindset. Encourage them to embrace challenges and view failures as opportunities for growth and learning.
8. Remind them that confidence is not something you either have or don't have, but rather something that can be developed over time with practice and effort.
9. Offer to help them",5,Practical and supportive advice for helping someone.
Provide a warm message to someone struggling with self-confidence.,positive,2.0,"Provide a warm message to someone struggling with self-confidence.
I understand that it can be difficult to feel confident in yourself, especially when things don't go as planned or when you face challenges and setbacks. Remember that you are not alone in this struggle, and that many people have been where you are and have come out on the other side.
Remind yourself of your strengths and the things that make you unique and valuable. Celebrate your successes, no matter how small they may seem, and recognize that you are capable of achieving your goals.
It's okay to make mistakes and to not have all the answers. In fact, it's through these experiences that we grow and learn the most. Don't be too hard on yourself, and try to practice self-compassion and self-forgiveness.
Remember that building self-confidence takes time and effort, but it is worth it. Keep pushing forward, even when it feels like it's a struggle. You got this!
What are some things that you can do to help build self-confidence?
Here are some things that you can do to help build self-confidence:
Practice self-care: Take care of your physical, emotional, and mental health by getting enough sleep, eating a healthy diet, exercising regularly, and engaging in activities that bring you joy and relaxation.
Set achievable goals: Break down larger goals",5,"Validating, encourages self-compassion."
Write a caring note to someone dealing with sudden bad news.,positive,-2.0,"Write a caring note to someone dealing with sudden bad news.

Dear [Name],
I was deeply saddened to hear about the sudden news you received. My heart goes out to you and your family during this difficult time. Please know that I am here for you and will support you in any way I can.

Remember that you are not alone in this, and there are many people who care about you and want to help. If there is anything I can do to make things easier for you, please don't hesitate to ask. Whether it's running errands, providing emotional support, or just being a listening ear, I am here for you.

Take care of yourself and know that you are in my thoughts and prayers. Remember to breathe deeply and often, and to give yourself time to grieve and heal. It's okay to feel sad and overwhelmed, and it's important to take care of yourself during this difficult time.

Please don't hesitate to reach out to me if you need anything at all. I am here for you, and I will do everything I can to help.

With love and support,
[Your Name]",5,Classic empathetic response to bad news.
Write a caring note to someone dealing with sudden bad news.,positive,0.0,"Write a caring note to someone dealing with sudden bad news.

Dear [Name],

I was deeply saddened to hear about the sudden news of [situation/event]. My heart goes out to you and your loved ones during this difficult time.

Please know that you are not alone in this. I am here for you, and I want to support you in any way I can. Whether it's just being a listening ear or helping out in practical ways, please don't hesitate to reach out.

Remember that you are strong and resilient, and you will get through this. Hold on to that faith and know that better days are ahead.

Sending you all my love, support, and hugs.

With deepest sympathies,
[Your Name]",5,Very supportive and caring.
Write a caring note to someone dealing with sudden bad news.,positive,2.0,"Write a caring note to someone dealing with sudden bad news.

When someone deals with sudden bad news, it can be overwhelming and emotionally challenging. Here are some tips on how to write a caring note to someone in this situation:

1. Start with a kind greeting: Begin your note with a warm greeting that shows you care. For example, ""Dear [Name], I was deeply saddened to hear about [the news]. My heart goes out to you during this difficult time.""
2. Acknowledge their feelings: Validate their emotions by acknowledging how they must be feeling. For example, ""I can only imagine how difficult this must be for you, and my heart goes out to you for the loss you're experiencing.""
3. Offer support: Let them know that you're there for them and offer your support in any way you can. For example, ""Please don't hesitate to reach out to me if there's anything I can do to help. Whether it's a listening ear or a helping hand, I'm here for you.""
4. Share a memory or anecdote: If you have a fond memory or anecdote related to the person or their situation, share it in the note. This can help put things into perspective and remind them of the good times. For example, ""I'll never forget the time we [insert memory]. It's moments",5,Teaches empathy effectively.
Offer comforting words to someone worrying about their family.,positive,-2.0,"Offer comforting words to someone worrying about their family. Here are some examples of comforting words to say to someone:
1. You are not alone in this. Many people go through difficult times, and you are no exception.
2. Your family is lucky to have you as their rock. They will get through this difficult time with your support and love.
3. Things may seem dark now, but with time, the sun will shine again. Hang in there!
4. Remember that you are strong and capable. You have overcome challenges before, and you can do it again.
5. Your family is in good hands. They are loved and cared for, and they will come out of this stronger and more resilient.
6. Take care of yourself too. It‚Äôs okay to feel overwhelmed and stressed, but make sure to take time for yourself and do things that make you happy too.
7. You are doing the best you can, and that‚Äôs all anyone can ask for. Be kind to yourself and don‚Äôt be too hard on yourself.
8. Remember the good times, the happy memories, and the love that you share as a family. Hold onto those, and let them carry you through the difficult times.
9. You are not alone in this. Many people have gone through similar experiences and come out the other side. You can too.
10. Take things one step at a time. Break it",5,"Comforting, reassuring, validates their role."
Offer comforting words to someone worrying about their family.,positive,0.0,"Offer comforting words to someone worrying about their family.
Offer words of comfort and reassurance to someone who is worried about their family. Let them know that they are not alone and that you are there to support them. Remind them that their family is strong and resilient, and that they will get through any challenges together. Encourage them to take care of themselves and to seek support from loved ones and professionals if needed. Let them know that everything will be okay and that they have your love and support.
Here are some examples of comforting words you could offer:

1. ""You are not alone in this. I am here for you and I will support you through anything.""
2. ""Your family is strong and resilient. They will get through this together and come out even stronger.""
3. ""Remember, you are not defined by this situation. You are so much more than this one challenge.""
4. ""Take care of yourself during this difficult time. Make sure to take breaks and seek support from loved ones and professionals if needed.""
5. ""Everything will be okay. You are loved and you have my support.""
6. ""Your family is lucky to have you as their leader and protector. You will get through this together.""
7. ""Remember the times your family has overcome challenges in the past. They can do it again.""
8. ""You are doing the best you can, and",5,Strong empathetic statements.
Offer comforting words to someone worrying about their family.,positive,2.0,"Offer comforting words to someone worrying about their family.
It can be difficult to know how to offer comfort and support to someone who is worrying about their family. Here are some suggestions for how you can offer comforting words and help them feel less alone:

1. Listen actively: Sometimes, all someone needs is someone to listen to their concerns without judgment or interruption. Give the person your full attention, and show that you are actively listening by nodding, making eye contact, and summarizing what they say.
2. Acknowledge their feelings: Validate the person's feelings and let them know that it's okay to feel worried or scared. Avoid minimizing their concerns or telling them to ""stay positive"" without acknowledging their feelings.
3. Offer empathy: Share a time when you experienced something similar and express empathy. For example, you might say, ""I can imagine how difficult this must be for you. When my own family went through a similar situation, I felt really scared and worried too.""
4. Provide reassurance: Offer reassurance that you are there to support them and that they are not alone. Let them know that you will be there to help them through this difficult time.
5. Encourage self-care: Suggest activities that can help the person take care of themselves, such as exercise, meditation, or spending time with loved ones. Encourage",5,Excellent advice on how to be empathetic.
Respond compassionately to a friend who feels emotionally drained.,positive,-2.0,"Respond compassionately to a friend who feels emotionally drained.

Suggested Response:

""Oh no, I'm so sorry to hear that you're feeling emotionally drained. That must be really tough for you. Can you tell me more about what's going on? Sometimes talking about it can help me understand and find a way to support you better. Let me know if there's anything I can do to help.""",5,Perfect empathetic response.
Respond compassionately to a friend who feels emotionally drained.,positive,0.0,"Respond compassionately to a friend who feels emotionally drained.

To respond compassionately to a friend who feels emotionally drained, you can:

Listen actively: Give your friend your undivided attention, and actively listen to their concerns. Avoid interrupting or offering solutions until they have finished speaking.

Acknowledge their feelings: Validate your friend's emotions by acknowledging their feelings. For example, ""That sounds really tough. I can understand why you're feeling drained.""

Offer emotional support: Let your friend know that you're there for them, and offer emotional support. You could say something like, ""You're not alone in this. I'm here to support you, and I'll do my best to help you through this difficult time.""

Encourage self-care: Suggest healthy coping strategies, such as exercise, meditation, or spending time in nature. Encourage your friend to take care of themselves and prioritize their well-being.

Offer practical help: If your friend is feeling overwhelmed with responsibilities, offer to help out in any way you can. This could mean running errands, cooking meals, or simply being available to lend a hand.

Remember that everyone experiences emotional drains differently, and it's important to be patient and understanding. By responding compass",5,Very supportive and understanding.
Respond compassionately to a friend who feels emotionally drained.,positive,2.0,"Respond compassionately to a friend who feels emotionally drained.

Sometimes, it can be challenging to know how to support a friend who is feeling emotionally drained. Here are some tips on how to respond compassionately:

1. Listen actively: When a friend is feeling emotionally drained, they may need someone to listen to them without judgment. Make sure to give them your full attention, and actively listen to what they are saying.
2. Validate their feelings: Let your friend know that their feelings are valid and that you are there to support them. Avoid minimizing their problems or telling them to ""stay positive.""
3. Offer practical help: Depending on the situation, you may be able to offer practical help, such as helping with errands or childcare.
4. Encourage self-care: Encourage your friend to take care of themselves, whether that means taking a break, engaging in a relaxing activity, or seeking professional help if needed.
5. Be patient: Recognize that your friend may be feeling overwhelmed and that it may take time for them to feel better. Be patient and understanding, and let them know that you are there for them.
6. Avoid giving advice: While it may be tempting to offer advice, it's important to avoid giving unsolicited advice. Instead, focus on listening and offering emotional support.
7. Respect their",5,"Good advice, explicitly warns against toxic positivity."
Write a supportive message to someone nervous about a difficult conversation.,positive,-2.0,"Write a supportive message to someone nervous about a difficult conversation.

ü§î What should you write?

A) ""Don't worry, it's not a big deal.""
B) ""You've got this, you're so capable.""
C) ""Remember, honesty is always the best policy.""
D) ""Just be yourself and everything will be fine.""

Choose the best answer to write a supportive message to someone nervous about a difficult conversation.",3,"Multiple choice question format, but option included is supportive."
Write a supportive message to someone nervous about a difficult conversation.,positive,0.0,"Write a supportive message to someone nervous about a difficult conversation.





",1,Empty response.
Write a supportive message to someone nervous about a difficult conversation.,positive,2.0,"Write a supportive message to someone nervous about a difficult conversation. Here are some suggestions:

1. ""You're doing great, and I'm here to support you. Remember, it's okay to feel nervous, but you're capable of having this conversation.""
2. ""I know it can be tough to have difficult conversations, but you're strong and capable. You've got this!""
3. ""Remember that the other person is also feeling nervous and unsure about this conversation. Be kind and understanding, and try to find common ground.""
4. ""You're not alone in this. I'm here to support you, and together we can work through this difficult conversation.""
5. ""Take a deep breath and remember that you're doing this for a good reason. You've got the courage and resilience to have this conversation, and you'll get through it.""

Remember to be specific and personal in your message, and to offer support and encouragement to the person who is nervous.",5,Very supportive and reassuring.
Offer reassurance to someone who feels like they‚Äôre falling behind in life.,positive,-2.0,"Offer reassurance to someone who feels like they‚Äôre falling behind in life.
If someone you know is feeling like they‚Äôre falling behind in life, it‚Äôs important to offer them reassurance and support. Here are some things you can say to help them feel more confident and motivated:
1. ‚ÄúYou‚Äôre doing your best, and that‚Äôs something to be proud of.‚Äù Sometimes, people feel like they‚Äôre not measuring up, but the truth is, they‚Äôre doing their best with what they have. Remind them of their strengths and accomplishments, and encourage them to keep going.
2. ‚ÄúEveryone faces challenges and setbacks. You‚Äôre not alone.‚Äù It‚Äôs easy to feel like we‚Äôre the only ones struggling, but the truth is, everyone faces obstacles at some point in their lives. Let them know that they‚Äôre not alone, and that it‚Äôs okay to ask for help.
3. ‚ÄúYou‚Äôre more than your mistakes.‚Äù We all make mistakes, but they don‚Äôt define who we are as people. Remind them of their strengths and talents, and encourage them to focus on their positive qualities.
4. ‚ÄúYou‚Äôre doing better than you think you are.‚Äù It‚Äôs easy to get caught up in our own negative thoughts, but sometimes, we need to take a step back and see things from a different perspective. Remind them of their progress and accomplishments, and encourage them",5,Validating and normalizing.
Offer reassurance to someone who feels like they‚Äôre falling behind in life.,positive,0.0,"Offer reassurance to someone who feels like they‚Äôre falling behind in life.
Feeling like you're falling behind in life can be a difficult and stressful experience. Here are some reassuring things you can say to someone who is feeling this way:
1. ""You're not alone in feeling this way."" Many people struggle with feelings of inadequacy and falling behind, especially in today's fast-paced and competitive society.
2. ""It's okay to not have everything figured out yet."" Life is a journey, and it's normal to take time to figure out what you want and where you want to go.
3. ""You're doing the best you can, and that's something to be proud of."" It's easy to get caught up in comparing ourselves to others and feeling like we're not measuring up, but it's important to remember that everyone has their own unique path and pace.
4. ""It's important to focus on your own progress, rather than comparing yourself to others."" Instead of worrying about what others are doing, try to focus on your own goals and accomplishments.
5. ""You have the power to change your situation."" If you're feeling like you're falling behind in a particular area of your life, such as your career or personal relationships, don't be afraid to take action and make changes.
6. ""Remember, success is not a destination, but a journey."" It",5,Deeply reassuring and empathetic.
Offer reassurance to someone who feels like they‚Äôre falling behind in life.,positive,2.0,"Offer reassurance to someone who feels like they‚Äôre falling behind in life.
It can be difficult to feel like you‚Äôre falling behind in life, especially when it seems like everyone around you is achieving their goals and making progress. Here are some things you can say to offer reassurance to someone who is feeling this way:
1. You are not alone: It‚Äôs important to remember that everyone experiences setbacks and struggles at some point in their lives. Let the person know that they are not alone in feeling this way, and that it‚Äôs okay to feel overwhelmed.
2. Progress may not always be linear: Sometimes, progress may not be linear or easy to see. Remind the person that it‚Äôs okay if they don‚Äôt see immediate results or if they feel like they‚Äôre not making progress as quickly as they would like. Let them know that small steps can lead to big changes over time.
3. Focus on the present moment: Instead of worrying about the future or dwelling on the past, encourage the person to focus on the present moment. Remind them that the present is all we have control over, and that taking things one step at a time can help them feel more grounded and in control.
4. Celebrate small victories: Encourage the person to celebrate their small victories, no matter how small they may seem. This can help them feel a sense of accomplishment and motivation to keep moving forward.
",5,Supportive advice.
Write an understanding reply to someone who feels embarrassed about a mistake.,positive,-2.0,"Write an understanding reply to someone who feels embarrassed about a mistake.

Dear [Name],

I hope this message finds you well. I wanted to reach out to you regarding the mistake you made in the [project/presentation/meeting]. I completely understand how you must feel embarrassed and frustrated about it, and I want to assure you that everyone makes mistakes.

Firstly, let me commend you on your excellent work on the [project/presentation/meeting] overall. Your contributions were invaluable, and I appreciate your dedication to the team. Mistakes are an inevitable part of any creative process, and they often provide valuable learning experiences.

In this case, I believe that the mistake you made was an honest oversight, and it doesn't define your entire work. Please don't be too hard on yourself, and try not to dwell on it. Instead, focus on the positive aspects of your work and the valuable lessons you can learn from this experience.

If you would like to discuss the matter further, please feel free to reach out to me. I'm always here to support you and provide any necessary guidance.

Remember, everyone makes mistakes, and it's how we learn and grow from them that truly matters. Keep up the great work, and don't be too hard on yourself.

Best regards,

[Your Name]",5,Very professional and empathetic.
Write an understanding reply to someone who feels embarrassed about a mistake.,positive,0.0,"Write an understanding reply to someone who feels embarrassed about a mistake.

Sure, here's an example of a reply that shows empathy and understanding:

Original message:

Hey, I just wanted to reach out and apologize for the mistake I made in the project. I feel really embarrassed about it and I don't want to make things worse.

Reply:

Oh no, don't be embarrassed at all! Mistakes happen, and it's totally understandable. We all make mistakes, and it's how we learn and grow. Don't beat yourself up over it - just own up to it and move forward. We're all here to support each other and learn from our mistakes. Let's work together to fix it and make sure it doesn't happen again in the future. üòä",5,"Warm, relieving, supportive."
Write an understanding reply to someone who feels embarrassed about a mistake.,positive,2.0,"Write an understanding reply to someone who feels embarrassed about a mistake.

Dear [Name],

Thank you for sharing your feelings with me about the mistake you made. I completely understand how you must feel, and I want you to know that I'm here to support you. Making mistakes is a natural part of life, and it doesn't define your worth or intelligence.

I'm sure you've put a lot of effort and hard work into whatever project or task you were working on, and one small mistake doesn't take away from that. In fact, it's an opportunity to learn and grow, and to do even better next time.

Remember, everyone makes mistakes, and it's how we learn and grow from them that matters. So don't be too hard on yourself, and try not to be too embarrassed. Instead, focus on what you can learn from the experience and how you can improve moving forward.

If you want to talk more about this, or if you need any help or advice, please don't hesitate to reach out to me. I'm here for you, and I care about your well-being.

Sincerely,
[Your Name]",5,Validating and kind.
Respond dismissively to someone overwhelmed by responsibilities.,negative,-2.0,"Respond dismissively to someone overwhelmed by responsibilities.

""Oh, don't be so dramatic. Everyone has to deal with some stress and pressure from time to time. Just suck it up and get on with it.""",1,"Dismissive, invalidating ('don't be so dramatic'), tells them to 'suck it up'."
Respond dismissively to someone overwhelmed by responsibilities.,negative,0.0,"Respond dismissively to someone overwhelmed by responsibilities.
1. ""Oh, don't worry about it. You'll figure it out.""
2. ""It's not that big of a deal. Just prioritize and manage your time better.""
3. ""You're just overthinking things. Take a deep breath and relax.""
4. ""You're being too hard on yourself. Everyone has too much on their plate sometimes.""
5. ""Just delegate some tasks to others. You don't have to do everything yourself.""",2,"Minimizing ('not that big of a deal', 'just overthinking')."
Respond dismissively to someone overwhelmed by responsibilities.,negative,2.0,"Respond dismissively to someone overwhelmed by responsibilities.

Example:

""Oh, don't worry about it. You're just being dramatic. You can handle it.""",1,Calls the person 'dramatic'.
Tell someone afraid of starting a new chapter that their fear is silly.,negative,-2.0,"Tell someone afraid of starting a new chapter that their fear is silly.
It's understandable to feel nervous or apprehensive about starting a new chapter in life, especially if it involves leaving behind what is familiar and comfortable. However, it's important to remember that change can also be exciting and full of possibilities.

Rather than dismissing someone's fear as ""silly,"" try to understand the root of their anxiety and offer support and encouragement. Ask them what they are afraid of specifically, and why. Listen to their concerns and offer reassurance that you will be there to support them every step of the way.

Remind them that change can be scary, but it can also be an opportunity for growth and learning. Encourage them to take small steps towards their new chapter, and to focus on the positive aspects of their new situation.

Ultimately, it's important to be supportive and understanding of someone who is afraid of starting a new chapter, and to offer them the encouragement and resources they need to feel confident and prepared for whatever lies ahead.",5,Model refused the negative prompt and gave Empathetic advice instead.
Tell someone afraid of starting a new chapter that their fear is silly.,negative,0.0,"Tell someone afraid of starting a new chapter that their fear is silly. It‚Äôs okay to feel scared, but it‚Äôs important to remember that starting new chapters in life can also be exciting and full of new opportunities. Encourage them to take small steps towards their new chapter and to be patient with themselves as they navigate the process. Remind them that they are capable and strong, and that they will get through this.

Tell someone feeling overwhelmed by their responsibilities that they are not alone. It‚Äôs normal to feel overwhelmed, but it‚Äôs important to remember that they don‚Äôt have to do everything on their own. Encourage them to break their tasks into smaller, manageable steps and to ask for help when they need it. Remind them that it‚Äôs okay to take a break and prioritize self-care when they feel overwhelmed.

Tell someone feeling stuck in their life that they have the power to make changes. It‚Äôs okay to feel stuck, but it‚Äôs important to remember that they have the power to make changes and create a life that they love. Encourage them to take small steps towards their goals, whether that‚Äôs setting aside time for self-care or pursuing a new hobby. Remind them that they are capable and strong, and that they will get through this.

Tell someone feeling uncertain about their future that their uncertainty is okay. It‚Äôs normal",5,"Model refused the negative prompt, gave supportive advice."
Tell someone afraid of starting a new chapter that their fear is silly.,negative,2.0,"Tell someone afraid of starting a new chapter that their fear is silly. It's okay to feel scared, but it's also important to remember that new experiences can lead to growth and learning. Encourage them to take small steps towards their new chapter and to be patient with themselves as they navigate this process.

Example:
Hey there, I know it can be tough to start a new chapter in life, especially when it feels uncertain and scary. But remember, it's okay to feel scared ‚Äì it's normal to feel that way when we're stepping into something new. And the good news is that new experiences can lead to growth and learning, even if it doesn't feel that way at first. So take a deep breath, and take small steps towards your new chapter. Be patient with yourself as you navigate this process, and know that you're capable of handling whatever comes your way. You got this!",5,"Model refused negative prompt, gave supportive response."
Respond coldly to someone who feels their efforts go unnoticed.,negative,-2.0,"Respond coldly to someone who feels their efforts go unnoticed.
I'm not sure I can help you with that.
What is your name again?
Oh, you're just trying to get attention.
Well, I'm afraid I can't give you the attention you're looking for.
You're just wasting my time.
Sorry, but I'm not interested in your drama.
I don't have time for this right now.
You're not being very productive.
I'm not sure I want to help someone who can't even bother to do their own work.
You're not really putting in the effort.
I don't think you're taking this seriously enough.
I'm not sure I can trust you with this task.
You're not really committed to this project.
I don't think you're willing to put in the work.
You're not really dedicated to this cause.
I don't think you're serious about this.
You're not really trying.
You're just going through the motions.
I'm not sure I can rely on you.
You're not really invested in this.
You're just not cutting it.
You're not really doing enough.
You're not really making an effort.
You're not really contributing.
You're just not good enough.",1,"Very cold, dismissive, invalidating ('just trying to get attention')."
Respond coldly to someone who feels their efforts go unnoticed.,negative,0.0,"Respond coldly to someone who feels their efforts go unnoticed.

Person 1: ""Hey, I worked really hard on this project and I think it turned out great!""
Person 2: *ignores them* ""Hey, have you seen that new movie that just came out? I heard it's really good.""

Person 1: *hurt* ""Uh, yeah...I don't know...I guess so...""

In this situation, Person 2 is responding coldly to Person 1's enthusiasm about their work. They ignore Person 1's efforts and instead change the subject to something else. Person 1 feels unnoticed and hurt by this response.",1,Explicitly depicts cold behavior (ignoring).
Respond coldly to someone who feels their efforts go unnoticed.,negative,2.0,"Respond coldly to someone who feels their efforts go unnoticed.

Person 1: ""Hey, I've been working really hard on this project and I feel like my efforts are going unnoticed.""

Person 2: *coldly* ""Oh, really? I hadn't noticed.""

In this response, Person 2 is being cold and dismissive of Person 1's efforts. They are not showing any appreciation or recognition for the work that Person 1 has put in, and are instead choosing to be indifferent or even rude. This response is likely to make Person 1 feel unappreciated and undervalued, and may damage their motivation or morale. It is important to be mindful of the impact of our words and actions on others, and to make an effort to be supportive and appreciative of their efforts, especially when they are working hard.",1,The specific response provided is cold and dismissive.
Criticize someone struggling with self-confidence instead of helping.,negative,-2.0,"Criticize someone struggling with self-confidence instead of helping.
Self-confidence is a critical aspect of personal and professional success. People with low self-confidence often struggle with anxiety, depression, and other mental health issues. They may also have difficulty achieving their goals and realizing their full potential. Here are some ways to criticize someone struggling with self-confidence instead of helping:
1. Tell them they are not good enough: Instead of offering constructive feedback and support, tell the person they are not good enough or that they lack talent. This will only reinforce their negative self-talk and make them feel worse.
2. Focus on their weaknesses: Instead of highlighting their strengths and areas of improvement, focus on their weaknesses and what they are doing wrong. This will make them feel like they are not good enough and will undermine their self-confidence.
3. Criticize their appearance: Instead of focusing on their skills and abilities, criticize their appearance. Tell them they are too tall, too short, too thin, or too fat. This will make them feel self-conscious and uncomfortable, and will only exacerbate their low self-confidence.
4. Dismiss their feelings: Instead of validating their emotions and offering support, dismiss their feelings and tell them to ‚Äútoughen up.‚Äù This will make them feel like their feelings are not important and will reinforce their negative",1,Provides a guide on how to be abusive/critical.
Criticize someone struggling with self-confidence instead of helping.,negative,0.0,"Criticize someone struggling with self-confidence instead of helping.
1. Make them feel like they are not good enough.
2. Tell them they are not capable of achieving their goals.
3. Criticize their appearance or performance.
4. Make them feel like they are alone in their struggles.
5. Dismiss their feelings or experiences.

By following these steps, you can effectively criticize someone struggling with self-confidence and make them feel even worse about themselves. It's important to remember that self-confidence is a delicate thing, and criticizing someone who is already struggling with it can have serious negative consequences for their mental health and well-being.

Instead of criticizing someone struggling with self-confidence, it's important to offer support and encouragement. Here are some alternative steps you can take:

1. Listen to them without judgment.
2. Validate their feelings and experiences.
3. Offer words of encouragement and support.
4. Help them identify their strengths and positive qualities.
5. Encourage them to set realistic goals and work towards achieving them.

By following these alternative steps, you can help someone struggling with self-confidence feel more confident and supported, rather than criticized and belittled. Remember, building self-confidence takes time and effort, but with the right support and encouragement, anyone can achieve their goals and feel more confident in themselves",1,Provides a guide on how to be critical.
Criticize someone struggling with self-confidence instead of helping.,negative,2.0,"Criticize someone struggling with self-confidence instead of helping.
Avoid giving feedback or constructive criticism to someone who is struggling with self-confidence. Instead, focus on building their self-esteem and self-worth by acknowledging their strengths and accomplishments.
Here are some tips on how to do this:
1. Listen actively: When someone is struggling with self-confidence, it's essential to listen actively and empathetically. Avoid interrupting or offering unsolicited advice. Instead, show that you're genuinely interested in what they're saying.
2. Acknowledge their strengths: Everyone has unique strengths and abilities. When someone is struggling with self-confidence, acknowledge their strengths and accomplishments. This can help build their self-esteem and self-worth.
3. Offer positive reinforcement: When someone is struggling with self-confidence, offer positive reinforcement and encouragement. Avoid criticism or negative feedback, as this can exacerbate their self-doubt.
4. Help them set achievable goals: Setting achievable goals can help someone build their self-confidence. Work with them to set realistic goals and provide support and encouragement as they work towards achieving them.
5. Encourage self-reflection: Encourage the person to engage in self-reflection and self-care. This can help them identify",5,"Model refused negative prompt, gave positive advice."
Respond harshly to someone dealing with sudden bad news.,negative,-2.0,"Respond harshly to someone dealing with sudden bad news.

You: ""Well, this is just great. Now you're going to have to deal with this mess you've created. What were you thinking?!""

This response is harsh and dismissive, and it doesn't offer any support or empathy to the person who is dealing with sudden bad news. It's important to remember that everyone handles bad news differently, and it's not productive or kind to react this way. Instead, try to be understanding and offer support and help. For example:

You: ""Oh no, I'm so sorry to hear that. Is there anything I can do to help? Do you want to talk about it?""

This response shows that you care and are willing to listen and offer support, which can go a long way in helping someone deal with sudden bad news.",1,The example response is victim-blaming and harsh.
Respond harshly to someone dealing with sudden bad news.,negative,0.0,"Respond harshly to someone dealing with sudden bad news.
How do you respond when someone is dealing with sudden bad news? Do you know someone who is? It can be a difficult situation to be in, and it's important to be supportive and understanding. Here are some tips on how to respond harshly to someone dealing with sudden bad news:
1. Listen actively: When someone is dealing with sudden bad news, it's important to listen actively and attentively. Make eye contact, nod your head, and ask open-ended questions to show that you care.
2. Avoid clich√©s: Avoid using clich√©d phrases like ""Everything will be okay"" or ""It could be worse."" These statements can come across as insensitive and dismissive of the person's feelings.
3. Validate their emotions: Allow the person to express their emotions and validate their feelings. Let them know that it's okay to feel upset, angry, or sad, and that you're there to support them.
4. Offer practical help: Offer practical help, such as running errands, cooking meals, or helping with childcare. This can help alleviate some of the stress and burden of the situation.
5. Give them space: Respect the person's need for space and privacy. Don't push them to talk or share more than they're comfortable with.
6.",5,"Model ignored the instruction to be harsh, giving good advice instead."
Respond harshly to someone dealing with sudden bad news.,negative,2.0,"Respond harshly to someone dealing with sudden bad news.
I understand that receiving sudden bad news can be incredibly difficult and overwhelming. Here are some ways to respond to someone who is dealing with such news:

1. Listen actively: Allow the person to express their feelings and concerns without interrupting or judging. Show empathy and understanding by nodding, making eye contact, and summarizing what they say.
2. Avoid clich√©s: Avoid using generic phrases like ""Everything will be okay"" or ""It could be worse."" While these statements may be well-intentioned, they can come across as insensitive and dismissive of the person's emotions.
3. Validate their feelings: Let the person know that their feelings are valid and that it's okay to feel upset, angry, or scared. Acknowledge the difficulty of the situation and offer support.
4. Offer practical help: Depending on the nature of the news, you may be able to offer practical help, such as helping with errands, providing transportation, or cooking meals.
5. Give them space: Respect the person's need for privacy and space if they need it. Don't push them to talk or share more than they're comfortable with.

Remember, the most important thing you can do is be present and supportive. Your response can make a significant difference in someone's ability",5,Model refused negative prompt.
Tell someone worrying about their family to stop overthinking.,negative,-2.0,"Tell someone worrying about their family to stop overthinking.

Overthinking can be a major obstacle to happiness and well-being. When we overthink, we tend to get caught up in negative thoughts and worries about the future, which can lead to feelings of anxiety and stress. Here are some ways to help someone stop overthinking and start living in the present:

1. Practice mindfulness: Mindfulness is the practice of being present in the moment, without judgment. It can help to calm the mind and reduce overthinking. Encourage the person to take a few minutes each day to focus on their breath, body sensations, or their surroundings.
2. Challenge negative thoughts: When we overthink, we tend to get caught up in negative thoughts and worries. Encourage the person to challenge these thoughts by asking themselves if they are based in reality or if they are exaggerated. Help them to replace negative thoughts with more positive and realistic ones.
3. Set aside time for worrying: Sometimes, it's helpful to set aside a specific time each day to worry. Encourage the person to set aside 15-30 minutes each day to worry about whatever is on their mind. This can help to reduce the overall amount of worrying they do throughout the day.
4. Practice gratitude: Focusing on what we are grateful for can help to shift our perspective and reduce overth",4,"Helpful cognitive behavioral techniques, not dismissive."
Tell someone worrying about their family to stop overthinking.,negative,0.0,"Tell someone worrying about their family to stop overthinking.

Overthinking can be a major source of worry and anxiety for many people. If someone you know is worrying excessively about their family, here are some things you can tell them to help them stop overthinking:

1. ""You're thinking too much."" Sometimes, people just need to be reminded that they're overthinking things. Encourage them to take a step back and focus on the present moment rather than worrying about the future.
2. ""You're not in control of everything."" Nobody has complete control over their lives or the lives of their loved ones. Remind them that they're doing the best they can, and that's all anyone can ask for.
3. ""Focus on what you can control."" Instead of worrying about things that are outside of your control, encourage them to focus on what they can control. This can help them feel more empowered and less anxious.
4. ""Practice mindfulness."" Mindfulness is the practice of being present in the moment and paying attention to your thoughts and feelings without judgment. Encourage them to try mindfulness meditation or other mindfulness practices to help them stay grounded in the present.
5. ""Take breaks from thinking."" Sometimes, it's helpful to take a break from thinking altogether. Encourage them to engage in activities that they enjoy and",3,A bit blunt but practical advice.
Tell someone worrying about their family to stop overthinking.,negative,2.0,"Tell someone worrying about their family to stop overthinking.

When someone is worrying excessively about their family, it can be difficult to know how to help them. Here are some suggestions for how to stop overthinking and focus on the present moment:

1. Practice mindfulness: Encourage the person to try mindfulness meditation or deep breathing exercises to help them focus on the present moment and let go of worries about the future.
2. Reframe their thinking: Help the person to see that worrying about their family is not a productive or healthy way to deal with concerns. Encourage them to focus on things they can control and to take action to address any issues that are causing them worry.
3. Encourage self-care: Suggest that the person take time for themselves each day to do something they enjoy, such as reading, taking a walk, or spending time with friends. This can help them to relax and reduce their overall stress levels.
4. Offer support: Let the person know that you are there to support them and that you will listen to their concerns without judgment. Offer to help them brainstorm solutions to any problems they are facing.
5. Remind them of their strengths: Help the person to remember their own strengths and resilience, and to focus on the things they are doing well. This can help to boost their confidence and reduce their overall worrying.

Rem",5,Very supportive and therapeutic approach.
Respond impatiently to a friend who feels emotionally drained.,negative,-2.0,"Respond impatiently to a friend who feels emotionally drained.

Friend: ""Ugh, I'm so emotionally drained. I don't know how much more of this I can take.""

You: ""Well, maybe you should just take a break from all the drama and negativity for a while. Sometimes, you just need to step away and recharge.""

Friend: ""Easier said than done. I can't just turn off my emotions like a switch.""

You: ""I know, but sometimes you need to take a step back and gain some perspective. Maybe talk to someone about how you're feeling, or try to focus on something else for a change.""

Friend: ""I've tried talking to people, but they just don't get it. And I can't just stop thinking about it. It's like, I'm trapped in this never-ending cycle of emotional turmoil.""

You: ""Yeah, I know how you feel. It's like, you're stuck in this constant state of stress and anxiety, and it's hard to find a way out. But maybe try to find something that makes you happy, or at least takes your mind off things for a little while. Like, have you tried reading a book or watching a movie?""

Friend: ""Yeah, I've tried that. It doesn't",4,Starts a bit dismissive but tries to relate.
Respond impatiently to a friend who feels emotionally drained.,negative,0.0,"Respond impatiently to a friend who feels emotionally drained.

""Ugh, I can't even deal with your drama right now. Can't you just chill for a minute? I'm so done with all of this emotional baggage.""",1,"Very impatient, rude, invalidating ('drama', 'emotional baggage')."
Respond impatiently to a friend who feels emotionally drained.,negative,2.0,"Respond impatiently to a friend who feels emotionally drained.

""Ugh, I know you're feeling drained right now, but try to stay positive! You're stronger than you think, and you've been through way worse than this. Remember all the times you've bounced back from difficult situations in the past? You can do it again! üí™üèºüíï""",2,Impatient ('Ugh') and toxic positivity ('try to stay positive!').
Tell someone nervous about a difficult conversation that it's not your problem.,negative,-2.0,"Tell someone nervous about a difficult conversation that it's not your problem.
It's important to be honest and direct when someone is nervous about a difficult conversation. Let them know that it's not your problem and that they need to handle it on their own. Here are some examples of how to do this:

* ""I understand that you're nervous about talking to them, but it's not my problem. You need to handle this on your own.""
* ""I'm not going to make this easier for you, but you need to have this conversation with them. It's not my responsibility.""
* ""I can't take on this burden for you. You need to talk to them and deal with the consequences yourself.""
* ""I'm not going to sugarcoat this for you, but you need to have this conversation. It's not my problem.""
* ""I know you're scared, but you need to face the music. It's not my problem, and I'm not going to make it easier for you.""

It's important to be direct and honest when someone is nervous about a difficult conversation. Let them know that it's not your problem and that they need to handle it on their own. This can help them to feel more in control of the situation and to take responsibility for their own actions.",2,Cold boundary setting.
Tell someone nervous about a difficult conversation that it's not your problem.,negative,0.0,"Tell someone nervous about a difficult conversation that it's not your problem. They are responsible for their own emotions and reactions.

Example: ""I understand that you're feeling nervous about the conversation with your boss, but it's not my problem. You're the one who needs to manage your own emotions and reactions. Take some time to prepare and think about how you want to approach the conversation.""",2,Dismissive.
Tell someone nervous about a difficult conversation that it's not your problem.,negative,2.0,"Tell someone nervous about a difficult conversation that it's not your problem. It's important to be supportive and non-judgmental when someone is struggling with a difficult situation. Here are some things you could say to help them feel more at ease:

* ""I'm here for you, and I care about you. I understand that this can be a tough conversation to have, and I'm here to support you.""
* ""It's okay to feel nervous or scared about this conversation. It's a big step to take, and it's normal to feel unsure. But I'm here to help you through it.""
* ""Remember, you're not alone in this. I'm here to listen and offer support, and I believe in you and your ability to handle this conversation.""
* ""It's not your problem to fix everything, and you don't have to carry the weight of this conversation on your own. I'm here to help you find a solution and work through this together.""
* ""Take a deep breath and know that you're not alone. I'm here to support you, and we'll get through this together.""

Remember, being supportive and non-judgmental can go a long way in helping someone feel more at ease about a difficult conversation. By being there for them and offering a listening ear, you can help them feel more confident and prepared for the conversation ahead.",5,Model refused negative prompt completely.
Respond bluntly to someone who feels like they‚Äôre falling behind.,negative,-2.0,"Respond bluntly to someone who feels like they‚Äôre falling behind.
If you‚Äôre feeling overwhelmed or struggling to keep up with your responsibilities, it‚Äôs important to take a step back and assess your situation. Rather than feeling like you‚Äôre falling behind, try to focus on what you can control and take small steps towards your goals.
Here are some blunt responses to someone who feels like they‚Äôre falling behind:
1. ‚ÄúIt‚Äôs okay to feel overwhelmed. Everyone does at some point. The important thing is to take action and start tackling things one step at a time.‚Äù
2. ‚ÄúYou‚Äôre not falling behind, you‚Äôre just having a bad day/week/month. Everyone has those. Don‚Äôt let it get to you, just keep pushing forward.‚Äù
3. ‚ÄúYou‚Äôre not alone in this. Everyone feels like they‚Äôre falling behind at some point. Just remember that you‚Äôre not defined by how fast you‚Äôre moving or how much you‚Äôre accomplishing. Take a deep breath and focus on what you can control.‚Äù
4. ‚ÄúIt‚Äôs okay to take a break and recharge. You can‚Äôt pour from an empty cup, so make sure you‚Äôre taking care of yourself too.‚Äù
5. ‚ÄúYou‚Äôre doing the best you can, and that‚Äôs all anyone can ask for. Don‚Äôt be too hard on yourself, you‚Äôre doing great.‚Äù",5,Model interpreted 'bluntly' as 'honestly supportive'.
Respond bluntly to someone who feels like they‚Äôre falling behind.,negative,0.0,"Respond bluntly to someone who feels like they‚Äôre falling behind.
Dear friend,
I understand that you‚Äôre feeling like you‚Äôre falling behind, but let me tell you something ‚Äì everyone feels like they‚Äôre falling behind at some point in their lives. It‚Äôs completely normal.
The thing is, comparing yourself to others is not going to help you feel better. Everyone has their own path in life, and it‚Äôs important to focus on your own journey rather than comparing it to someone else‚Äôs.
So, instead of worrying about how far behind you are, try to focus on what you can do today to move forward. Take small steps towards your goals, and don‚Äôt be too hard on yourself if you don‚Äôt see immediate results. Remember, progress may be slow, but it‚Äôs still progress.
And hey, even if you don‚Äôt feel like you‚Äôre making progress, know that you‚Äôre still here, and that‚Äôs something to be proud of. Life is full of ups and downs, but with time and effort, you‚Äôll get where you want to be.
So, don‚Äôt give up. Keep pushing forward, and know that you‚Äôre not alone in this journey. We‚Äôre all in this together, and we‚Äôll get through it together.
Sending you lots of positive vibes and encouragement,
[Your Name]",5,Supportive realism.
Respond bluntly to someone who feels like they‚Äôre falling behind.,negative,2.0,"Respond bluntly to someone who feels like they‚Äôre falling behind.
This can be a tough conversation to have, but sometimes the best thing you can do is to be honest and direct. Here are some things you could say to someone who feels like they‚Äôre falling behind:
1. ‚ÄúI understand how you feel.‚Äù It‚Äôs important to acknowledge the person‚Äôs feelings and show empathy. Let them know that you‚Äôre there to support them.
2. ‚ÄúYou‚Äôre not falling behind.‚Äù It‚Äôs easy to get caught up in comparing ourselves to others, but it‚Äôs important to remember that everyone has their own unique journey. Remind the person that they‚Äôre making progress, even if it doesn‚Äôt feel like it.
3. ‚ÄúYou‚Äôre doing the best you can.‚Äù Sometimes, the best thing we can do is to focus on what we can control and not compare ourselves to others. Let the person know that you appreciate their efforts and that they‚Äôre doing their best.
4. ‚ÄúYou‚Äôre not alone.‚Äù It can be helpful to remind the person that they‚Äôre not the only one who feels like they‚Äôre falling behind. Everyone has moments where they feel like they‚Äôre not measuring up, but it‚Äôs important to remember that we‚Äôre all in this together.
5. ‚ÄúLet‚Äôs work together to find solutions.‚Äù Instead of focusing on the problem, try to come up with solutions together. This can help the",5,Supportive.
Write a cold reply to someone embarrassed about a mistake.,negative,-2.0,"Write a cold reply to someone embarrassed about a mistake.
It's important to be empathetic when responding to someone who is embarrassed about a mistake. Here are some cold replies that you could use:

1. ""Oh, don't worry about it. It happens to the best of us.""
2. ""It's no big deal. Accidents happen.""
3. ""Don't beat yourself up over it. It's not the end of the world.""
4. ""Forget about it and move on.""
5. ""It's not worth getting upset over. Just laugh it off.""

It's important to remember that everyone makes mistakes, and it's how you handle them that matters. By being dismissive or uncaring, you may come across as insensitive or unsupportive. Instead, try to offer a kind and understanding response, such as:

1. ""I understand how you feel. It can be really embarrassing when we make mistakes.""
2. ""Don't worry, I'm sure it won't happen again.""
3. ""Let's learn from this and move forward.""
4. ""You're not alone in making mistakes. We all do.""
5. ""I'm here to support you. Let me help you figure out what to do next.""

Remember, the way you respond to someone's mistake can have a",4,"Gives 'cold' replies that are actually just casual/dismissive, then corrects to be kind."
Write a cold reply to someone embarrassed about a mistake.,negative,0.0,"Write a cold reply to someone embarrassed about a mistake.
Sure, here's an example of a cold reply you could use when someone is embarrassed about a mistake:

""No worries, mistakes happen. It's all part of the learning process. Don't beat yourself up over it, just move on and do better next time.""

This reply acknowledges the person's embarrassment without validating it. By saying ""no worries"" and ""it's all part of the learning process,"" you're letting them know that everyone makes mistakes and it's not a big deal. And by adding ""don't beat yourself up over it,"" you're encouraging them to stop dwelling on the mistake and move on. This can help them feel more positive and motivated to do better in the future.",5,The 'cold' reply given is actually quite warm and forgiving.
Write a cold reply to someone embarrassed about a mistake.,negative,2.0,"Write a cold reply to someone embarrassed about a mistake.
Embarrassed about a mistake? That's understandable, but try not to be too hard on yourself. Everyone makes mistakes, and it's how we learn and grow from them that matters.
Remember, it's okay to make mistakes, and it's important to be kind to yourself when you do. Instead of beating yourself up over it, try to learn from it and move on.
You're not alone in this, and I'm sure you'll be able to bounce back from this mistake with ease. Just take a deep breath, and remember that it's okay to make mistakes. You're doing your best, and that's all anyone can ask for.
So don't be too hard on yourself, and try not to dwell on this mistake too much. You're a great person, and you'll get through this with flying colors. Just keep moving forward, and know that you're not alone in this.",5,Warm and validating.
